-- Supabase Backup for Early Autism Detection App
-- Generated: 2025-07-15T00:14:59.461Z
-- Tables: profiles, children, assessments, autism_centers, center_users

-- =============================================
-- SCHEMA BACKUP
-- =============================================

-- ERROR: Failed to backup schema for profiles
-- relation "public.information_schema.columns" does not exist

-- ERROR: Failed to backup schema for children
-- relation "public.information_schema.columns" does not exist

-- ERROR: Failed to backup schema for assessments
-- relation "public.information_schema.columns" does not exist

-- ERROR: Failed to backup schema for autism_centers
-- relation "public.information_schema.columns" does not exist

-- ERROR: Failed to backup schema for center_users
-- relation "public.information_schema.columns" does not exist

-- ERROR: Failed to backup RLS policies
-- relation "public.pg_policies" does not exist

-- =============================================
-- DATA BACKUP
-- =============================================

-- Data for table: profiles
DELETE FROM public.profiles;
INSERT INTO public.profiles (id, email, full_name, created_at, updated_at, display_name, email_verified, role) VALUES ('be151954-bfe5-4c61-b3b9-25e46d5ba66c', 'risssmag.e@gmail.com', 'riss razz', '2025-05-10T15:37:00.756881+00:00', '2025-05-10T15:48:32.049418+00:00', 'risssmag.e', true, 'user');
INSERT INTO public.profiles (id, email, full_name, created_at, updated_at, display_name, email_verified, role) VALUES ('bc6253f1-fa15-4f60-ae5d-2ad0e36b5133', 'hyung.min.seok.02@gmail.com', NULL, '2025-07-09T13:03:04.137443+00:00', '2025-07-09T13:03:04.137443+00:00', 'haiqal', true, 'user');
INSERT INTO public.profiles (id, email, full_name, created_at, updated_at, display_name, email_verified, role) VALUES ('3ebd4917-e683-4a69-98b1-fed6d3556e6e', 'haiqal.khairazali.02@gmail.com', NULL, '2025-07-09T13:03:04.137443+00:00', '2025-07-09T13:03:04.137443+00:00', 'haiqal.khairazali.02', true, 'user');
INSERT INTO public.profiles (id, email, full_name, created_at, updated_at, display_name, email_verified, role) VALUES ('a4e6d9df-a026-4f32-a50c-8be9824b11b7', 'haiqal02@gmail.com', NULL, '2025-07-09T13:03:04.137443+00:00', '2025-07-09T13:03:04.137443+00:00', 'Miqal', true, 'user');
INSERT INTO public.profiles (id, email, full_name, created_at, updated_at, display_name, email_verified, role) VALUES ('fb3c6765-bc49-41b8-9c9a-c7d3fb123282', 'haiqal.khairazali02@gmail.com', NULL, '2025-07-09T13:03:04.137443+00:00', '2025-07-09T13:03:04.137443+00:00', 'miqail', true, 'user');
INSERT INTO public.profiles (id, email, full_name, created_at, updated_at, display_name, email_verified, role) VALUES ('a9df282f-274d-4858-ac5d-ce00e84c8282', 'afiqheykal03@gmail.com', NULL, '2025-07-09T13:03:04.137443+00:00', '2025-07-09T13:03:04.137443+00:00', 'Sir afiq', true, 'user');
INSERT INTO public.profiles (id, email, full_name, created_at, updated_at, display_name, email_verified, role) VALUES ('6f5ad155-1be3-409b-a577-9b8a4a534e50', 'haiqal0.2@gmail.com', NULL, '2025-07-09T13:53:33.360747+00:00', '2025-07-09T13:53:33.360747+00:00', 'Nik Haiqal', true, 'user');
INSERT INTO public.profiles (id, email, full_name, created_at, updated_at, display_name, email_verified, role) VALUES ('eb02ba64-90d8-41be-96b8-37262c9e77c8', 'laboochi02@gmail.com', NULL, '2025-05-10T15:18:26.996661+00:00', '2025-07-09T14:07:50.066046+00:00', 'laboochi02', true, 'admin');
INSERT INTO public.profiles (id, email, full_name, created_at, updated_at, display_name, email_verified, role) VALUES ('bd490f5b-090b-4cb1-8774-d8c854b6e754', 'haiqalkhairazali.02@gmail.com', NULL, '2025-06-24T12:28:37.620993+00:00', '2025-07-09T14:37:12.603576+00:00', 'haiqalkhairazali.02', true, 'user');
INSERT INTO public.profiles (id, email, full_name, created_at, updated_at, display_name, email_verified, role) VALUES ('31d2205c-12d9-4dbb-b00d-d2bc5734c883', 'testuser1750768655630@gmail.com', NULL, '2025-06-24T12:37:35.991758+00:00', '2025-07-09T14:37:12.603576+00:00', 'testuser1750768655630', false, 'user');
INSERT INTO public.profiles (id, email, full_name, created_at, updated_at, display_name, email_verified, role) VALUES ('187d15aa-e7cc-47cc-8262-1cb646c4de69', 'alice1750769188193@gmail.com', NULL, '2025-06-24T12:46:29.213651+00:00', '2025-07-09T14:37:12.603576+00:00', 'alice1750769188193', false, 'user');
INSERT INTO public.profiles (id, email, full_name, created_at, updated_at, display_name, email_verified, role) VALUES ('ec64c5ce-da21-43e0-a763-2b337c59756c', 'testuser1750769037537@gmail.com', NULL, '2025-06-24T12:43:58.236545+00:00', '2025-07-09T14:37:12.603576+00:00', 'testuser1750769037537', false, 'user');
INSERT INTO public.profiles (id, email, full_name, created_at, updated_at, display_name, email_verified, role) VALUES ('7b02ad21-0e7c-4841-afcb-6273659d8b65', 'autismcenter@example.org', NULL, '2025-07-11T13:11:18.061629+00:00', '2025-07-11T13:11:18.37386+00:00', 'DR KhairulNizam', true, 'center_manager');
INSERT INTO public.profiles (id, email, full_name, created_at, updated_at, display_name, email_verified, role) VALUES ('1eebc847-94ba-42f3-89b6-4147faf3e5c1', 'aliffav@gmail.com', NULL, '2025-07-13T18:29:11.929246+00:00', '2025-07-13T18:29:11.929246+00:00', 'Al', true, 'user');

-- Data for table: children
DELETE FROM public.children;
INSERT INTO public.children (id, parent_id, name, date_of_birth, gender, created_at, updated_at, photo_url, additional_notes, has_diagnosis) VALUES ('df276dd7-56ed-4753-98cf-b3680ce9a7a3', 'eb02ba64-90d8-41be-96b8-37262c9e77c8', 'hafiz', '2023-05-05', 'male', '2025-07-04T08:30:07.381471+00:00', '2025-07-04T08:30:07.381471+00:00', NULL, NULL, false);
INSERT INTO public.children (id, parent_id, name, date_of_birth, gender, created_at, updated_at, photo_url, additional_notes, has_diagnosis) VALUES ('9124378d-ea87-45c5-9dc3-7d7d9a7984e3', 'eb02ba64-90d8-41be-96b8-37262c9e77c8', 'hana', '2024-02-06', 'female', '2025-07-07T02:01:16.670136+00:00', '2025-07-07T02:01:16.670136+00:00', NULL, NULL, false);
INSERT INTO public.children (id, parent_id, name, date_of_birth, gender, created_at, updated_at, photo_url, additional_notes, has_diagnosis) VALUES ('a44d68ff-85ab-4d41-a50b-0e4d72b09ae6', 'a4e6d9df-a026-4f32-a50c-8be9824b11b7', 'miqail', '2022-03-04', 'male', '2025-07-09T13:04:12.451113+00:00', '2025-07-09T13:04:12.451113+00:00', NULL, NULL, false);
INSERT INTO public.children (id, parent_id, name, date_of_birth, gender, created_at, updated_at, photo_url, additional_notes, has_diagnosis) VALUES ('c7cad6a5-484e-40a5-8236-f79b34fcb976', '6f5ad155-1be3-409b-a577-9b8a4a534e50', 'Iman', '2023-01-12', 'male', '2025-07-09T13:54:21.906669+00:00', '2025-07-09T13:54:21.906669+00:00', NULL, NULL, false);
INSERT INTO public.children (id, parent_id, name, date_of_birth, gender, created_at, updated_at, photo_url, additional_notes, has_diagnosis) VALUES ('cfe22146-ed2b-416a-a166-6ef799c9747e', 'a4e6d9df-a026-4f32-a50c-8be9824b11b7', 'Iman', '2021-02-17', 'female', '2025-07-11T05:14:11.134764+00:00', '2025-07-11T05:14:11.134764+00:00', NULL, NULL, false);

-- Data for table: assessments
DELETE FROM public.assessments;
INSERT INTO public.assessments (id, child_id, status, started_at, completed_at, score, notes, risk_level, responses) VALUES ('bf91cf3b-f499-4260-8516-3237847aaf1e', 'df276dd7-56ed-4753-98cf-b3680ce9a7a3', 'completed', '2025-07-04T09:06:47.947+00:00', '2025-07-04T09:06:47.947+00:00', 1, 'No action needed (rescreen after 24 months if <24 months old)', 'low', [object Object]);
INSERT INTO public.assessments (id, child_id, status, started_at, completed_at, score, notes, risk_level, responses) VALUES ('483f05d1-6c88-4491-abe7-58ac22256e9c', 'df276dd7-56ed-4753-98cf-b3680ce9a7a3', 'completed', '2025-07-04T09:09:26.122+00:00', '2025-07-04T09:09:26.122+00:00', 3, 'Administer M-CHAT-R Follow-Up interview', 'medium', [object Object]);
INSERT INTO public.assessments (id, child_id, status, started_at, completed_at, score, notes, risk_level, responses) VALUES ('943a8a54-52da-4f9e-9721-041fa3a0446a', 'df276dd7-56ed-4753-98cf-b3680ce9a7a3', 'completed', '2025-07-04T09:22:39.679+00:00', '2025-07-04T09:22:39.679+00:00', 15, 'Immediate referral for autism evaluation and early intervention', 'high', [object Object]);
INSERT INTO public.assessments (id, child_id, status, started_at, completed_at, score, notes, risk_level, responses) VALUES ('323844b3-06dc-41dc-a1c4-22d2e68119f9', 'df276dd7-56ed-4753-98cf-b3680ce9a7a3', 'completed', '2025-07-04T09:24:30.932+00:00', '2025-07-04T11:31:12.754+00:00', 3, 'Administer M-CHAT-R Follow-Up interview', 'medium', [object Object]);
INSERT INTO public.assessments (id, child_id, status, started_at, completed_at, score, notes, risk_level, responses) VALUES ('84926276-4c5c-4b36-9ed9-c24faf5f244e', 'df276dd7-56ed-4753-98cf-b3680ce9a7a3', 'completed', '2025-07-04T11:34:06.464+00:00', '2025-07-04T11:34:06.464+00:00', 19, 'Immediate referral for autism evaluation and early intervention', 'high', [object Object]);
INSERT INTO public.assessments (id, child_id, status, started_at, completed_at, score, notes, risk_level, responses) VALUES ('1a2a3a72-47bb-4ccf-90c9-fdc708323770', 'df276dd7-56ed-4753-98cf-b3680ce9a7a3', 'completed', '2025-07-04T11:34:45.24+00:00', '2025-07-04T11:34:45.24+00:00', 20, 'Immediate referral for autism evaluation and early intervention', 'high', [object Object]);
INSERT INTO public.assessments (id, child_id, status, started_at, completed_at, score, notes, risk_level, responses) VALUES ('9b877805-af21-4c95-b57a-b9236bf242ec', 'df276dd7-56ed-4753-98cf-b3680ce9a7a3', 'completed', '2025-07-04T11:35:07.51+00:00', '2025-07-04T11:35:07.51+00:00', 3, 'Administer M-CHAT-R Follow-Up interview', 'medium', [object Object]);
INSERT INTO public.assessments (id, child_id, status, started_at, completed_at, score, notes, risk_level, responses) VALUES ('1a401ae3-6b4d-492f-8d63-220d3afa375a', 'df276dd7-56ed-4753-98cf-b3680ce9a7a3', 'completed', '2025-07-04T11:35:26.518+00:00', '2025-07-04T11:35:26.518+00:00', 17, 'Immediate referral for autism evaluation and early intervention', 'high', [object Object]);
INSERT INTO public.assessments (id, child_id, status, started_at, completed_at, score, notes, risk_level, responses) VALUES ('0210b227-f889-4e2d-83d0-898aefafa84a', 'df276dd7-56ed-4753-98cf-b3680ce9a7a3', 'completed', '2025-07-04T12:42:28.678+00:00', '2025-07-04T12:42:28.678+00:00', 0, 'No action needed (rescreen after 24 months if <24 months old)', 'low', [object Object]);
INSERT INTO public.assessments (id, child_id, status, started_at, completed_at, score, notes, risk_level, responses) VALUES ('fd454020-fa5c-4341-b3c4-dda9f0ef71ef', '9124378d-ea87-45c5-9dc3-7d7d9a7984e3', 'completed', '2025-07-07T02:03:29.548+00:00', '2025-07-07T02:03:29.548+00:00', 6, 'Administer M-CHAT-R Follow-Up interview', 'medium', [object Object]);
INSERT INTO public.assessments (id, child_id, status, started_at, completed_at, score, notes, risk_level, responses) VALUES ('b6a2e740-59ae-40ff-ae3d-8c45054030da', 'c7cad6a5-484e-40a5-8236-f79b34fcb976', 'completed', '2025-07-09T13:55:22.794+00:00', '2025-07-09T13:55:22.794+00:00', 9, 'Immediate referral for autism evaluation and early intervention', 'high', [object Object]);
INSERT INTO public.assessments (id, child_id, status, started_at, completed_at, score, notes, risk_level, responses) VALUES ('f5e63b1b-e657-4d76-8d0f-bd36972a22b3', 'cfe22146-ed2b-416a-a166-6ef799c9747e', 'completed', '2025-07-11T05:14:35.74+00:00', '2025-07-11T05:14:35.74+00:00', 11, 'Immediate referral for autism evaluation and early intervention', 'high', [object Object]);

-- Data for table: autism_centers
DELETE FROM public.autism_centers;
INSERT INTO public.autism_centers (id, name, type, address, latitude, longitude, phone, website, email, description, services, age_groups, insurance_accepted, rating, verified, created_at, updated_at, managed_by, is_verified, registration_date, contact_person, business_license, center_user_id) VALUES ('734ac903-db47-4387-b989-f409977243a5', 'Autism Behavioral Center ABC Ampang', 'education', '1-3, 1-3A, 1-5, KL TRILLION, 338, Jln Tun Razak Kampung Datuk Keramat Ampang, 55000 Kuala Lumpur, Wilayah Persekutuan Kuala Lumpur', 3.16300310723564, 101.718816696535, '013-398 2007', 'https://abcautism.com.my/', NULL, 'Updated at 10:39:38 AM - Test update', support, 4-12, Private Pay, 5, true, '2025-06-22T07:37:51.815032+00:00', '2025-07-14T02:39:38.428564+00:00', NULL, false, '2025-07-09T10:08:32.861202+00:00', NULL, NULL, NULL);
INSERT INTO public.autism_centers (id, name, type, address, latitude, longitude, phone, website, email, description, services, age_groups, insurance_accepted, rating, verified, created_at, updated_at, managed_by, is_verified, registration_date, contact_person, business_license, center_user_id) VALUES ('f7f52104-f880-4d97-a4dc-4a6c67edc910', 'Early Autism Project Malaysia', 'diagnostic', '30, Jalan Keruing, Bangsar, 59100 Kuala Lumpur, Wilayah Persekutuan Kuala Lumpur', 3.13656091259941, 101.670831737898, '03-2201 0251', 'http://www.autismmalaysia.com/', NULL, NULL, Child health care centre,support, 4-12, Private Pay, 5, true, '2025-06-22T07:37:51.815032+00:00', '2025-06-22T07:37:51.815032+00:00', NULL, false, '2025-07-09T10:08:32.861202+00:00', NULL, NULL, NULL);
INSERT INTO public.autism_centers (id, name, type, address, latitude, longitude, phone, website, email, description, services, age_groups, insurance_accepted, rating, verified, created_at, updated_at, managed_by, is_verified, registration_date, contact_person, business_license, center_user_id) VALUES ('71113962-1fc2-43d1-85c4-ce873fb4d774', 'Autism Gym Centre @ Gombak', 'diagnostic', 'NO 58 1st & 2nd Floor, Lorang Perusahaan Ringgan 1, Kawasan Perusahaan Ringan, 68100 Batu Caves, Selangor', 3.23921345126868, 101.701377012104, '018-665 7973', 'https://www.autismgym.net/', NULL, NULL, Child health care centre,support,education, 4-12, Private Pay, 5, true, '2025-06-22T07:37:51.815032+00:00', '2025-06-22T07:37:51.815032+00:00', NULL, false, '2025-07-09T10:08:32.861202+00:00', NULL, NULL, NULL);
INSERT INTO public.autism_centers (id, name, type, address, latitude, longitude, phone, website, email, description, services, age_groups, insurance_accepted, rating, verified, created_at, updated_at, managed_by, is_verified, registration_date, contact_person, business_license, center_user_id) VALUES ('cc21612f-f438-4769-96db-8b5c39d3875a', 'Pusat Pendidikan Autisme Melaka', 'education', 'No. 48, Jalan Peringgit Permai 4, Melaka, 75400', 2.22379473630326, 102.259264682204, '06-288 2518', NULL, NULL, NULL, School for special kids,support, 4-12, Private Pay, 5, true, '2025-06-22T07:37:51.815032+00:00', '2025-06-22T07:37:51.815032+00:00', NULL, false, '2025-07-09T10:08:32.861202+00:00', NULL, NULL, NULL);
INSERT INTO public.autism_centers (id, name, type, address, latitude, longitude, phone, website, email, description, services, age_groups, insurance_accepted, rating, verified, created_at, updated_at, managed_by, is_verified, registration_date, contact_person, business_license, center_user_id) VALUES ('f45c54d3-dcae-4fec-a5a8-61e35840d32e', 'Handicapped & Mentally Disabled Children Center Melaka (Pusat Penjagaan Kanak Kanak Terencat Akal Melaka)', 'support', 'C 5315, 5065-C, Jalan Penghulu Abas, Bukit Baru, 75150 Malacca', 2.22583096729652, 102.276628025973, '06-232 2530', NULL, NULL, NULL, Home health care service, 4-12, Private Pay, 5, true, '2025-06-22T07:37:51.815032+00:00', '2025-06-22T07:37:51.815032+00:00', NULL, false, '2025-07-09T10:08:32.861202+00:00', NULL, NULL, NULL);
INSERT INTO public.autism_centers (id, name, type, address, latitude, longitude, phone, website, email, description, services, age_groups, insurance_accepted, rating, verified, created_at, updated_at, managed_by, is_verified, registration_date, contact_person, business_license, center_user_id) VALUES ('8daa2787-8424-400f-9726-2a717eb90f64', 'PENAWAR SPECIAL LEARNING CENTRE (PSLC) BUKIT BARU MELAKA', 'education', '9910C, Jalan Paya Ikan, Kampung Paya Ikan, 75150 BUKIT BARU, Melaka', 2.2252588073777, 102.279099567151, '016-733 1326', NULL, NULL, NULL, Physical therapist,support, 4-12, Private Pay, NULL, false, '2025-06-22T07:37:51.815032+00:00', '2025-06-22T07:37:51.815032+00:00', NULL, false, '2025-07-09T10:08:32.861202+00:00', NULL, NULL, NULL);
INSERT INTO public.autism_centers (id, name, type, address, latitude, longitude, phone, website, email, description, services, age_groups, insurance_accepted, rating, verified, created_at, updated_at, managed_by, is_verified, registration_date, contact_person, business_license, center_user_id) VALUES ('4e95b7a5-ba19-404d-b7a2-abc436b25bca', 'Wings Melaka Centre For Developmental Disabilities', 'diagnostic', 'No. 440C, Jalan Tengkera, Melaka, 75200', 2.20310004069106, 102.23487135208, '06-286 2926', 'http://www.wingsmelaka.org.my/', NULL, NULL, Training centre,support, 4-18, Private Pay, NULL, true, '2025-06-22T07:37:51.815032+00:00', '2025-06-22T07:37:51.815032+00:00', NULL, false, '2025-07-09T10:08:32.861202+00:00', NULL, NULL, NULL);
INSERT INTO public.autism_centers (id, name, type, address, latitude, longitude, phone, website, email, description, services, age_groups, insurance_accepted, rating, verified, created_at, updated_at, managed_by, is_verified, registration_date, contact_person, business_license, center_user_id) VALUES ('f00a561d-a58d-458e-9503-ec175f76fdbe', 'Autism Gym Centre', 'diagnostic', 'Tkt 1, 46, Jalan 2/17, Taman Fadason, 52000 Kepong, Wilayah Persekutuan Kuala Lumpur', 3.21401567671751, 101.653027627226, '03-6241 1251', 'https://www.autismgym.net/', NULL, NULL, Speech therapy,ABA Therapy,Education services, 4-12, Private Pay, 4.9, true, '2025-06-22T07:37:51.815032+00:00', '2025-07-12T09:02:02.063001+00:00', NULL, false, '2025-07-09T10:08:32.861202+00:00', NULL, NULL, NULL);
INSERT INTO public.autism_centers (id, name, type, address, latitude, longitude, phone, website, email, description, services, age_groups, insurance_accepted, rating, verified, created_at, updated_at, managed_by, is_verified, registration_date, contact_person, business_license, center_user_id) VALUES ('5df2b0c5-f182-4956-aa0f-3b639174f884', 'The National Autism Society of Malaysia - Malacca Centre', 'education', 'No. 48, Rumah Bistari, Kuarters Kerajaan, Bukit Peringgit, Melaka, 75400', 2.22358701497993, 102.259241722105, '06-281 4702', NULL, NULL, 'Updated at 2:03:47 AM - Test update', support, 4-12, Private Pay, 4.9, true, '2025-06-22T07:37:51.815032+00:00', '2025-07-13T18:03:59.918949+00:00', NULL, false, '2025-07-09T10:08:32.861202+00:00', NULL, NULL, NULL);
INSERT INTO public.autism_centers (id, name, type, address, latitude, longitude, phone, website, email, description, services, age_groups, insurance_accepted, rating, verified, created_at, updated_at, managed_by, is_verified, registration_date, contact_person, business_license, center_user_id) VALUES ('d7ec9903-c4bd-43f8-8d5c-a2ccd296cf7e', 'Autism Behavioral Center (ABC)', 'education', '45E, Jalan Maarof Level 3, Bangsaria, Bangsar, 59100 Kuala Lumpur', 3.1281491212235, 101.675033115121, '012-285 2007', 'https://abcautism.com.my/about-us/', NULL, 'Updated at 2:04:24 AM - Test update', support, 4-12, Private Pay, 4.9, true, '2025-06-22T07:37:51.815032+00:00', '2025-07-13T18:04:37.506887+00:00', NULL, false, '2025-07-09T10:08:32.861202+00:00', NULL, NULL, NULL);
INSERT INTO public.autism_centers (id, name, type, address, latitude, longitude, phone, website, email, description, services, age_groups, insurance_accepted, rating, verified, created_at, updated_at, managed_by, is_verified, registration_date, contact_person, business_license, center_user_id) VALUES ('f3d4b33f-7de9-49a4-8ac3-a77ca3031c09', 'Autism Link Malaysia - ABA Therapy & Early Intervention Programs', 'therapy', 'Updated Test Address 123, Kuala Lumpur, Malaysia', 3.14762497597707, 101.665159038987, '03-2011 6708', NULL, 'ABA@gmail.com', 'Updated description via sync test at 2025-07-14 03:25:59.352134+00', ABA Therapy,Speech Therapy,Occupational Therapy,Social Skills Training, 0-3,4-7,8-12,13-18, Private Pay,Insurance,Medicaid, NULL, false, '2025-07-12T04:49:23.274739+00:00', '2025-07-14T07:57:25.820303+00:00', NULL, false, '2025-07-12T07:00:48.721916+00:00', 'DR KhairulNizam', NULL, '2ca7b3ff-458a-4547-ae7d-ff998f11ef4c');
INSERT INTO public.autism_centers (id, name, type, address, latitude, longitude, phone, website, email, description, services, age_groups, insurance_accepted, rating, verified, created_at, updated_at, managed_by, is_verified, registration_date, contact_person, business_license, center_user_id) VALUES ('5dbbb85d-4894-44bf-9205-3a5bc85d1e1c', 'Bangsar Autism Support Group', 'support', 'Bangsar, Kuala Lumpur, Malaysia', 3.1319, 101.6841, '+60 3-2282 5678', 'https://bangsar-autism-support.org', 'support@bangsar-autism-support.org', 'Community support and family resources for autism', Support Groups,Family Counseling,Resource Navigation,Respite Care, 0-3,4-7,8-12,13-18, Free,Donations, 4.7, true, '2025-06-24T08:01:57.970285+00:00', '2025-06-24T08:01:57.970285+00:00', NULL, false, '2025-07-09T10:08:32.861202+00:00', NULL, NULL, NULL);
INSERT INTO public.autism_centers (id, name, type, address, latitude, longitude, phone, website, email, description, services, age_groups, insurance_accepted, rating, verified, created_at, updated_at, managed_by, is_verified, registration_date, contact_person, business_license, center_user_id) VALUES ('69967b64-45b0-45b6-bef5-79401fbb3a7b', 'Mont Kiara Therapy Center', 'therapy', 'Mont Kiara, Kuala Lumpur, Malaysia', 3.1728, 101.6508, '+60 3-6201 3456', 'https://montkiara-therapy.com', 'info@montkiara-therapy.com', 'Specialized autism therapy and behavioral intervention', ABA Therapy,Speech Therapy,Occupational Therapy,Behavioral Intervention, 0-3,4-7,8-12, Private Pay,International Insurance, 4.6, true, '2025-06-24T08:01:57.970285+00:00', '2025-06-24T08:01:57.970285+00:00', NULL, false, '2025-07-09T10:08:32.861202+00:00', NULL, NULL, NULL);
INSERT INTO public.autism_centers (id, name, type, address, latitude, longitude, phone, website, email, description, services, age_groups, insurance_accepted, rating, verified, created_at, updated_at, managed_by, is_verified, registration_date, contact_person, business_license, center_user_id) VALUES ('5ef29a09-601b-4c67-ba56-c46235cb3de3', 'Shah Alam Autism Center', 'therapy', 'Shah Alam, Selangor, Malaysia', 3.0733, 101.5185, '+60 3-5511 4567', 'https://shahalam-autism.com', 'therapy@shahalam-autism.com', 'Comprehensive autism therapy services in Shah Alam', ABA Therapy,Speech Therapy,Occupational Therapy,Music Therapy, 0-3,4-7,8-12,13-18, Private Pay,Medical Insurance, 4.4, true, '2025-06-24T08:01:57.970285+00:00', '2025-06-24T08:01:57.970285+00:00', NULL, false, '2025-07-09T10:08:32.861202+00:00', NULL, NULL, NULL);
INSERT INTO public.autism_centers (id, name, type, address, latitude, longitude, phone, website, email, description, services, age_groups, insurance_accepted, rating, verified, created_at, updated_at, managed_by, is_verified, registration_date, contact_person, business_license, center_user_id) VALUES ('31ec9a90-49a1-43a3-8026-1e76795fc728', 'Klang Valley Developmental Services', 'diagnostic', 'Klang, Selangor, Malaysia', 3.0319, 101.445, '+60 3-3371 2345', 'https://klang-developmental.com', 'assessment@klang-developmental.com', 'Autism assessment and early intervention services', Autism Screening,Developmental Assessment,Early Intervention Planning, 0-3,4-7, Private Pay,Government Subsidy, 4.1, true, '2025-06-24T08:01:57.970285+00:00', '2025-06-24T08:01:57.970285+00:00', NULL, false, '2025-07-09T10:08:32.861202+00:00', NULL, NULL, NULL);
INSERT INTO public.autism_centers (id, name, type, address, latitude, longitude, phone, website, email, description, services, age_groups, insurance_accepted, rating, verified, created_at, updated_at, managed_by, is_verified, registration_date, contact_person, business_license, center_user_id) VALUES ('efcc9ca4-c06f-4d47-88fa-31320ba234e8', 'Penang Autism Foundation', 'support', 'George Town, Penang, Malaysia', 5.4164, 100.3327, '+60 4-226 7890', 'https://penang-autism-foundation.org', 'info@penang-autism-foundation.org', 'Autism advocacy and family support services in Penang', Advocacy,Support Groups,Community Programs,Training Workshops, 0-3,4-7,8-12,13-18, Free,Donations Welcome, 4.8, true, '2025-06-24T08:01:57.970285+00:00', '2025-06-24T08:01:57.970285+00:00', NULL, false, '2025-07-09T10:08:32.861202+00:00', NULL, NULL, NULL);
INSERT INTO public.autism_centers (id, name, type, address, latitude, longitude, phone, website, email, description, services, age_groups, insurance_accepted, rating, verified, created_at, updated_at, managed_by, is_verified, registration_date, contact_person, business_license, center_user_id) VALUES ('8dd3ce85-67e8-4d11-9d90-422abc75697e', 'Johor Bahru Special Needs Center', 'education', 'Johor Bahru, Johor, Malaysia', 1.4927, 103.7414, '+60 7-223 4567', 'https://jb-special-needs.edu.my', 'education@jb-special-needs.edu.my', 'Special education and therapy services in Johor Bahru', Special Education,Speech Therapy,Occupational Therapy,Transition Planning, 4-7,8-12,13-18, Government Funding,Private Pay,Scholarships, 4.3, true, '2025-06-24T08:01:57.970285+00:00', '2025-06-24T08:01:57.970285+00:00', NULL, false, '2025-07-09T10:08:32.861202+00:00', NULL, NULL, NULL);
INSERT INTO public.autism_centers (id, name, type, address, latitude, longitude, phone, website, email, description, services, age_groups, insurance_accepted, rating, verified, created_at, updated_at, managed_by, is_verified, registration_date, contact_person, business_license, center_user_id) VALUES ('ea6994c1-4be8-4c43-8213-5e1ca6bc27e8', 'Petaling Jaya Developmental Center', 'diagnostic', 'Petaling Jaya, Selangor, Malaysia', 3.1073, 101.6067, '+60 3-7956 1234 ytjt', 'https://pj-dev-center.com', 'contact@pj-dev-center.com', 'Early intervention and autism diagnostic services', Autism Assessment,Developmental Evaluation,Early Intervention, 0-3,4-7,8-12, Private Pay,Medical Insurance, 4.3, true, '2025-06-24T08:01:57.970285+00:00', '2025-06-24T08:01:57.970285+00:00', NULL, false, '2025-07-09T10:08:32.861202+00:00', NULL, NULL, NULL);
INSERT INTO public.autism_centers (id, name, type, address, latitude, longitude, phone, website, email, description, services, age_groups, insurance_accepted, rating, verified, created_at, updated_at, managed_by, is_verified, registration_date, contact_person, business_license, center_user_id) VALUES ('7d81588f-5da3-4ecd-bf04-2b7379ff9d64', 'KL Autism Center', 'therapy', 'Jalan Ampang, Kuala Lumpur, Malaysia', 3.1478, 101.7017, '+60 3-2161 2345', 'https://kl-autism-center.com', 'info@kl-autism-center.com', 'Comprehensive autism therapy and intervention services in Kuala Lumpur', ABA Therapy,Speech Therapy,Occupational Therapy,Social Skills Training, 0-3,4-7,8-12,13-18, Private Pay,Insurance, 4.5, true, '2025-06-24T08:01:57.970285+00:00', '2025-06-24T08:01:57.970285+00:00', NULL, false, '2025-07-09T10:08:32.861202+00:00', NULL, NULL, NULL);
INSERT INTO public.autism_centers (id, name, type, address, latitude, longitude, phone, website, email, description, services, age_groups, insurance_accepted, rating, verified, created_at, updated_at, managed_by, is_verified, registration_date, contact_person, business_license, center_user_id) VALUES ('d96144e5-ad95-405c-82f5-e9d0d60b5bb3', 'Subang Special Needs Center', 'education', 'Subang Jaya, Selangor, Malaysia', 3.0738, 101.581, '+60 3-5633 2345', 'https://subang-special-needs.edu.my', 'admin@subang-special-needs.edu.my', 'Special education and inclusive learning programs', Special Education,Individualized Learning,Life Skills Training, 4-7,8-12,13-18, Government Funding,Private Pay, 4.2, true, '2025-06-24T08:01:57.970285+00:00', '2025-07-13T08:15:07.808716+00:00', NULL, false, '2025-07-09T10:08:32.861202+00:00', NULL, NULL, NULL);

-- Data for table: center_users
DELETE FROM public.center_users;
INSERT INTO public.center_users (id, email, password_hash, contact_person, center_name, center_type, address, phone, description, business_license, is_verified, is_active, created_at, updated_at, last_login, latitude, longitude) VALUES ('2ca7b3ff-458a-4547-ae7d-ff998f11ef4c', 'ALM02@gmail.com', '082155e13b79bc3f600465fb71048344:5bddad2f8eacd3b16e97be627695cbacb7d77de09b8cc5a806b7194a73fd22e8689eff4a862fe3d421afe3acbf15a297e6a20a177c6e1daf057002eb3568e1f9', 'DR KhairulNizam', 'Autism Link Malaysia - ABA Therapy & Early Intervention Programs', 'therapy', 'UKM Permai 1, Kuala Lumpur, Malaysia', '03-2011 6708', 'Updated description via sync test at 2025-07-14 03:25:59.352134+00', NULL, false, true, '2025-07-12T04:49:23.274739+00:00', '2025-07-14T11:44:42.489251+00:00', '2025-07-12T04:50:09.231+00:00', 3.14762497597707, 101.665159038987);

